{
  "town_hall": {
    "building": {
      "rel_x": 0.276410998552822,
      "rel_y": 0.2664188351920694
    }
  },
  "siege_workshop": {
    "building": {
      "rel_x": 0.361794500723589,
      "rel_y": 0.8302354399008675
    },
    "use": {
      "rel_x": 0.4240231548480463,
      "rel_y": 0.9368029739776952
    },
    "t1": {
      "rel_x": 0.5057887120115774,
      "rel_y": 0.355638166047088
    },
    "t2": {
      "rel_x": 0.5470332850940666,
      "rel_y": 0.34572490706319703
    },
    "t3": {
      "rel_x": 0.5991316931982634,
      "rel_y": 0.35192069392812886
    },
    "train": {
      "rel_x": 0.6874095513748191,
      "rel_y": 0.7174721189591078
    }
  }
}